"influencer_id","influencer_name","platform","month","followers_count","posts_count","engagement_rate","likes_count","comments_count","shares_count","views_count","brand_partnerships_count","estimated_roi","country","primary_game"
"INF001","ShadowHex","Twitch","2024-04-01","875000","32","1.21","62320","2170","1560","523400","10","1388.2","USA","League of Legends"
"INF002","PixelForge","YouTube","2024-05-01","2200000","25","0.54","83300","5200","3500","1200000","12","3280","Australia","Counter-Strike"
"INF003","RogueByte","TikTok","2024-03-01","74500","22","13.44","15600","980","630","201000","3","169","Singapore","PUBG Mobile"
"INF004","NovaMage","Instagram","2024-02-01","99000","19","8.32","11250","350","210","69800","2","113.5","South Korea","Genshin Impact"
"INF005","EchoWolf","Discord","2024-06-01","0","0","0","0","0","0","0","0","0","India","Among Us"
"INF006","VortexQueen","Twitter","2024-05-01","350","9","47.6","98","73","25","950","0","0","Poland","Magic: The Gathering"
"INF007","GameSage","Facebook","2024-01-01","28000","14","15.16","5200","302","140","31000","2","86.3","Germany","Retro"
"INF008","CrypticDusk","Twitch","2024-04-01","5100000","38","0.34","58200","1840","900","680000","15","4200.5","Sweden","Call of Duty"
"INF009","PixelMist","YouTube","2024-05-01","156000","28","2.65","12500","670","299","60900","5","520.8","Japan","Apex Legends"
"INF010","GlitchKnight","Instagram","2024-06-01","69000","13","21.07","16320","420","185","89400","3","198.1","UK","Minecraft"
"INF011","StealthFox","TikTok","2024-05-01","1200","8","71.84","530","149","88","1920","0","0","Singapore","Mobile Legends"
"INF012","FrostByte","Discord","2024-03-01","4500","42","18.23","0","810","0","8700","1","32.7","Russia","Sniper Elite"
"INF013","StarCaster","Other","2024-05-01","890","7","52.2","113","61","21","1200","0","0","Turkey","Hollow Knight"
"INF014","TwilightAce","Facebook","2024-02-01","50000","17","10.41","7800","290","130","48000","1","52","Brazil","Fortnite"
"INF015","MysticRain","TikTok","2024-04-01","380","5","98.2","162","58","24","400","0","0","Poland","Celeste"
"INF016","SolarFlare","Instagram","2024-03-01","22200","15","17.5","4300","153","60","23000","2","77.4","South Korea","Genshin Impact"
"INF017","QuantumRush","YouTube","2024-02-01","650000","24","1.83","35000","1700","1100","310000","8","1024","Japan","Valorant"
"INF018","LunarShade","Twitch","2024-03-01","3250000","36","0.67","32050","1340","820","490000","11","2870","USA","Overwatch"
"INF019","VibePixel","TikTok","2024-06-01","210","2","100","39","20","8","85","0","0","India","Stardew Valley"
"INF020","NebulaCore","Discord","2024-01-01","6200","51","22.01","0","950","0","12400","2","58.9","Finland","Stealth"
"INF021","OmegaRift","Other","2024-03-01","450","7","39.27","82","33","15","600","0","0","Turkey","Hades"
"INF022","ByteWizard","Facebook","2024-05-01","45000","15","12.34","5900","302","140","41000","2","101","Brazil","Fortnite"
"INF023","StormRunner","Twitter","2024-02-01","700","6","66.19","109","83","32","1200","0","0","Turkey","Magic: The Gathering"
"INF024","RetroPulse","YouTube","2024-01-01","110000","21","3.11","9400","410","221","43000","4","315.7","Germany","Retro"
"INF025","BlazeSpecter","Twitch","2024-05-01","770000","31","1.42","40100","1500","905","310000","9","1367.9","USA","League of Legends"
"INF026","CrystalNova","Instagram","2024-04-01","37800","11","11.2","4970","210","81","18100","1","59.9","Singapore","PUBG Mobile"
"INF027","CyberNova","Discord","2024-06-01","0","0","0","0","0","0","0","0","0","India","Among Us"
"INF028","RuneCrafter","TikTok","2024-03-01","620","4","93.7","181","64","27","370","0","0","Poland","Celeste"
"INF029","PulseFire","Other","2024-05-01","1800","9","33.01","301","98","46","2400","1","19.1","Turkey","Hollow Knight"
"INF030","NovaStrike","Facebook","2024-01-01","11800","10","19.99","2300","150","61","9400","1","21.7","Germany","Retro"
"INF031","FrostNova","Discord","2024-02-01","9900","50","27.43","0","1351","0","19200","2","81.3","Finland","Stealth"
"INF032","NebulaKing","Twitch","2024-03-01","1100000","30","1.02","21000","920","510","230000","9","965.2","Australia","Counter-Strike"
"INF033","VaporSpark","Instagram","2024-05-01","39200","13","13.89","5990","215","91","21400","2","62.2","UK","Minecraft"
"INF034","QuantumSun","YouTube","2024-06-01","135000","19","2.81","12000","630","270","57000","3","232.8","Japan","Valorant"
"INF035","MystDust","TikTok","2024-02-01","560","5","87.3","174","59","21","320","0","0","Singapore","Mobile Legends"
"INF036","LunaEcho","Discord","2024-05-01","8700","61","29.12","0","1721","0","21000","2","97.6","Russia","Sniper Elite"
"INF037","PixelStorm","Other","2024-06-01","2150","11","28.79","412","110","49","2900","1","23.7","Turkey","Hades"
"INF038","BlitzAether","Facebook","2024-04-01","68000","12","7.82","8700","405","170","54000","2","99.3","Brazil","Fortnite"
"INF039","StormRift","Twitter","2024-06-01","920","8","54.19","162","104","49","1300","1","12.1","Turkey","Magic: The Gathering"
"INF040","RetroNova","YouTube","2024-03-01","125000","22","3.7","11200","470","249","49000","4","350.2","Germany","Retro"
"INF041","CrimsonBolt","Twitch","2024-02-01","620000","27","2.38","19800","1100","650","130000","7","890.7","Sweden","Call of Duty"
"INF042","VaporCloud","Instagram","2024-01-01","17800","10","22.21","3920","134","60","17500","1","26.1","Singapore","PUBG Mobile"
"INF043","ZeroEcho","Discord","2024-04-01","0","0","0","0","0","0","0","0","0","India","Among Us"
"INF044","RuneStorm","TikTok","2024-01-01","420","3","100","83","39","15","180","0","0","Poland","Celeste"
"INF045","VaporBlade","Other","2024-06-01","2450","12","27.56","491","142","72","3400","1","27.1","Turkey","Hollow Knight"
"INF046","StormNova","Facebook","2024-04-01","82000","11","6.75","8100","390","171","57000","2","99.1","Brazil","Fortnite"
"INF047","PixelNova","Twitter","2024-03-01","1700","11","27.51","398","170","61","2900","1","22.9","Brazil","Magic: The Gathering"
"INF048","QuantumStar","YouTube","2024-05-01","89000","20","4.85","6720","322","152","37000","2","92.2","Germany","Retro"
"INF049","StormBolt","Twitch","2024-01-01","460000","24","2.84","14700","880","480","99000","6","652.2","Australia","League of Legends"
"INF050","NovaFrost","Instagram","2024-06-01","57000","12","9.98","6400","278","121","32000","2","61.2","UK","Minecraft"
"INF200","PixelRaptor","YouTube","2024-04-01","1840500","29","1.26","55043","2105","1423","515800","10","2265.5","USA","Call of Duty"
"INF201","TwitchWolf","Twitch","2024-03-01","652000","32","0.93","35720","995","870","231400","8","1864.7","Sweden","League of Legends"
"INF202","GhostByte","Instagram","2024-01-01","49700","18","22.34","11633","921","335","72000","3","218.9","Germany","PUBG Mobile"
"INF203","MagicVerse","Discord","2024-02-01","730","6","53.1","0","388","0","1290","1","25.8","Brazil","Magic: The Gathering"
"INF204","UltraCorgi","TikTok","2024-05-01","74200","27","13.27","21890","1126","674","118300","4","170.6","UK","Retro Arcade"
"INF205","SniperEdge","Twitter","2024-05-01","820","12","65.94","234","462","108","3200","0","0","Finland","Sniper Elite"
"INF206","GenshinStar","Instagram","2024-03-01","63200","21","17.82","19812","1015","415","110200","2","153.7","South Korea","Genshin Impact"
"INF207","NeoPixel","Facebook","2024-04-01","22800","15","9.43","4341","230","98","44000","1","76.4","Singapore","Mobile Legends"
"INF208","StealthDog","Discord","2024-06-01","1900","19","24.42","0","459","0","4200","2","35.2","Russia","Stealth Ops"
"INF209","ZeroByte","Other","2024-02-01","0","0","0","0","0","0","0","0","0","Turkey","Indie Quest"
"INF210","CStrikeKing","Twitch","2024-05-01","1204000","25","0.84","42652","2090","1187","305500","7","1347.8","Australia","Counter-Strike"
"INF211","ArcadeMage","TikTok","2024-06-01","39300","22","14.21","13250","858","384","80000","2","127.2","Singapore","Retro Arcade"
"INF212","DragonSoul","YouTube","2024-02-01","2750000","39","1.01","67238","2713","1842","702400","12","3121.3","Japan","Dragon Quest"
"INF213","ValorQueen","Instagram","2024-04-01","52800","19","16.84","12900","1042","412","104300","2","159.5","UK","Valorant"
"INF214","RetroHawk","Facebook","2024-02-01","29500","21","12.78","5892","412","167","52700","1","80.1","Germany","Retro Games"
"INF215","IndiePixel","Other","2024-01-01","14","1","87.2","7","5","2","13","0","0","India","Indie Quest"
"INF216","GamerBee","TikTok","2024-04-01","58200","25","19.03","18040","1015","495","94000","3","183.2","South Korea","Genshin Impact"
"INF217","LoLFox","Twitch","2024-06-01","960000","21","1.11","31500","1380","985","260000","6","1032.3","USA","League of Legends"
"INF218","MinerDuck","Twitter","2024-03-01","450","7","45.77","195","334","67","1580","0","0","Poland","Minecraft"
"INF219","HeroCrab","Facebook","2024-05-01","18200","12","14.08","4010","222","89","35000","1","67.9","Singapore","Mobile Legends"
"INF220","NinjaRift","YouTube","2024-01-01","3827000","35","0.72","89520","3382","2107","801700","13","3280","Japan","Fortnite"
"INF221","ValorTiger","Instagram","2024-05-01","36300","17","21.83","12673","892","377","68400","2","148.3","Germany","Valorant"
"INF222","RetroChef","TikTok","2024-02-01","22300","16","11.35","5152","410","212","43000","1","63.5","UK","Retro Arcade"
"INF223","PixelKnight","Other","2024-06-01","4","0","0","0","0","0","0","0","0","Turkey","Indie Quest"
"INF224","FrostMage","Discord","2024-03-01","3700","22","17.35","0","508","0","6700","1","19.6","Finland","Magic: The Gathering"
"INF225","LoLShadow","Twitch","2024-04-01","1512000","31","0.98","39781","1752","1056","270300","9","1540.7","USA","League of Legends"
"INF226","RoguePixel","YouTube","2024-06-01","2135000","37","1.03","48290","1923","1312","595800","11","2302.9","Australia","Counter-Strike"
"INF227","SniperBear","Twitter","2024-01-01","920","14","63.98","255","479","120","3700","1","31.6","Brazil","Sniper Elite"
"INF228","ValorDog","Instagram","2024-06-01","28700","16","18.22","5248","350","192","47000","1","61.1","Singapore","Valorant"
"INF229","RiftPanda","TikTok","2024-03-01","67600","26","15.63","22700","1210","563","123500","3","187.5","South Korea","Genshin Impact"
"INF230","MagicLynx","Discord","2024-01-01","540","4","62.7","0","332","0","970","1","18.2","Poland","Magic: The Gathering"
"INF231","IndieWolf","Other","2024-05-01","6","0","0","0","0","0","0","0","0","India","Indie Quest"
"INF232","ArcadeFox","Facebook","2024-06-01","37700","18","8.83","7837","425","193","62200","2","109.6","Germany","Retro Games"
"INF233","LoLEagle","Twitch","2024-01-01","1015000","23","1.19","33450","1512","887","245000","6","970.4","USA","League of Legends"
"INF234","PixelMage","YouTube","2024-05-01","2046000","34","1.15","51290","1882","1205","508700","10","2133.6","Australia","Counter-Strike"
"INF235","SniperFox","Twitter","2024-04-01","1340","11","21.86","345","643","210","5700","1","48.3","Finland","Sniper Elite"
"INF236","ValorMage","Instagram","2024-02-01","48200","15","19.78","10115","860","398","100520","2","140.6","UK","Valorant"
"INF237","RetroLion","TikTok","2024-05-01","67100","24","12.21","20936","1102","601","117800","4","155.4","Singapore","Retro Arcade"
"INF238","LoLBird","Twitch","2024-02-01","1129500","27","0.96","36918","1492","1012","250600","8","1141.6","USA","League of Legends"
"INF239","PixelTiger","YouTube","2024-03-01","1589000","31","0.79","40233","1573","1025","290300","9","1595.6","Japan","Fortnite"
"INF240","IndieBear","Other","2024-04-01","8","1","100","5","3","1","7","0","0","Turkey","Indie Quest"
"INF241","MagicOwl","Discord","2024-05-01","2050","15","29.5","0","512","0","4200","2","37.6","Brazil","Magic: The Gathering"
"INF242","ArcadeBear","Facebook","2024-01-01","21400","11","8.41","3879","210","73","34000","1","62.8","Germany","Retro Games"
"INF243","LoLSheep","Twitch","2024-03-01","872000","19","1.43","31120","1099","788","213500","5","799.4","USA","League of Legends"
"INF244","ValorLion","Instagram","2024-06-01","42100","14","20.38","10694","803","340","89900","2","120.8","UK","Valorant"
"INF245","PixelOwl","YouTube","2024-06-01","1897000","29","1.39","55231","1812","1225","532900","10","2276.8","Australia","Counter-Strike"
"INF246","SniperMage","Twitter","2024-06-01","1320","13","28.25","294","511","151","5700","1","37.8","Finland","Sniper Elite"
"INF247","ValorSheep","Instagram","2024-01-01","48200","13","17.11","8852","721","321","86400","2","97.2","Singapore","Valorant"
"INF248","RetroOwl","TikTok","2024-04-01","75800","28","13.92","21930","1128","685","120400","4","178.4","South Korea","Retro Arcade"
"INF249","LoLPanda","Twitch","2024-05-01","1364000","29","0.94","35296","1718","1095","245800","7","1267.7","USA","League of Legends"
"INF300","PixelVanguard","YouTube","2024-03-01","2090545","36","1.12","51230","3200","1800","543000","8","1720.2","Japan","League of Legends"
"INF301","ShadowCipher","Instagram","2024-02-01","38212","18","17.59","7500","930","220","52000","2","123.7","United Kingdom","Genshin Impact"
"INF302","Frostbyte8","Discord","2024-02-01","0","0","0","0","0","0","0","0","0","Turkey","Among Us"
"INF303","RetroNova","TikTok","2024-01-01","84095","24","9.82","15600","1200","340","91000","3","271.6","South Korea","PUBG Mobile"
"INF304","BladeQuest","Twitch","2024-04-01","3250050","42","0.89","60320","4100","2300","700000","11","2480.8","USA","Counter-Strike"
"INF305","RoguePhantom","Twitter","2024-03-01","1024","25","21.33","165","400","75","3000","1","11.9","Finland","Sniper Elite"
"INF306","NeonArcade","Facebook","2024-01-01","41975","19","13.41","8100","1100","390","50000","2","92.2","Singapore","Retro Gaming"
"INF307","VortexPulse","Other","2024-03-01","500","3","99.1","400","100","15","850","0","0","Poland","Magic: The Gathering"
"INF308","QuantumRift","YouTube","2024-02-01","5080050","39","0.54","48200","2800","1200","612000","13","3250.7","Australia","Call of Duty"
"INF309","ZeroGravitas","Instagram","2024-04-01","62750","15","22.75","14100","1400","320","67200","3","137.6","Germany","Mobile Legends"
"INF310","BitRush","Twitch","2024-02-01","1208000","34","1.89","27600","1700","1000","202000","7","1198.4","Sweden","Fortnite"
"INF311","EchoRider","Discord","2024-04-01","300","7","68.23","0","120","0","400","0","0","Brazil","Among Us"
"INF312","NovaSpectre","TikTok","2024-03-01","30211","21","12.15","4100","650","210","38900","2","77.9","South Korea","Genshin Impact"
"INF313","IronWolf","Facebook","2024-04-01","58020","13","16.04","11400","1400","430","54100","3","149.6","Singapore","Retro Gaming"
"INF314","StealthRunner","Twitter","2024-01-01","520","9","37.22","120","210","40","950","0","0","Russia","Stealth Inc."
"INF315","AmberPixel","Other","2024-04-01","35","1","92.45","20","12","0","31","0","0","India","Stardew Valley"
"INF316","CrypticStar","YouTube","2024-01-01","2800450","31","0.79","41200","2600","1100","400100","9","1875.9","Japan","League of Legends"
"INF317","SpectraRush","Instagram","2024-01-01","69822","27","8.93","8900","1250","270","78500","2","148.9","United Kingdom","Genshin Impact"
"INF318","PixelSpecter","Twitch","2024-03-01","2100021","33","1.41","49700","3100","1700","520000","8","1641.6","USA","Counter-Strike"
"INF319","DataDrifter","Discord","2024-02-01","1850","14","13.67","0","210","0","2100","1","19.3","Brazil","Magic: The Gathering"
"INF320","GlitchSlayer","TikTok","2024-02-01","55123","16","6.42","4900","800","180","61000","1","58.7","Germany","Mobile Legends"
"INF321","AlphaNebula","Facebook","2024-03-01","21500","11","20.12","4400","720","120","21000","1","56.8","Singapore","Retro Gaming"
"INF322","SilentEcho","Twitter","2024-02-01","420","6","41.31","90","180","25","700","0","0","Russia","Stealth Inc."
"INF323","CosmicByte","Other","2024-01-01","10","0","0","0","0","0","0","0","0","India","Stardew Valley"
"INF324","BinarySpectre","YouTube","2024-04-01","6400000","41","0.25","70200","4800","2250","800000","14","3280.5","Australia","Call of Duty"
"INF325","NovaVortex","Instagram","2024-03-01","39412","15","18.27","8000","950","210","54000","2","131.9","United Kingdom","Genshin Impact"
"INF326","BytePhantom","Twitch","2024-01-01","1987000","36","0.97","51600","3200","1500","600000","8","1627.3","USA","Counter-Strike"
"INF327","RiftShadow","Discord","2024-01-01","0","0","0","0","0","0","0","0","0","Turkey","Among Us"
"INF328","SpectraNova","TikTok","2024-04-01","56325","20","8.98","5200","990","190","66500","1","90.3","South Korea","PUBG Mobile"
"INF329","PhantomBlade","Facebook","2024-01-01","62230","14","15.24","12800","1300","400","62300","3","132.8","Singapore","Retro Gaming"
"INF330","EchoSpectre","Twitter","2024-04-01","890","12","30.45","150","280","60","1400","1","25.2","Finland","Sniper Elite"
"INF331","NovaCipher","Other","2024-02-01","600","4","87.12","510","130","20","580","0","0","Poland","Magic: The Gathering"
"INF332","PixelRunner","YouTube","2024-03-01","2198000","32","0.98","51000","3200","1700","540000","9","1952.6","Japan","League of Legends"
"INF333","SpectrePulse","Instagram","2024-02-01","49213","14","20.31","9700","1020","320","60000","2","114.2","United Kingdom","Genshin Impact"
"INF334","VortexByte","Twitch","2024-04-01","2156700","37","1.22","48000","3000","1600","510000","8","1530.9","USA","Counter-Strike"
"INF335","GlitchSpectre","Discord","2024-01-01","0","0","0","0","0","0","0","0","0","Turkey","Among Us"
"INF336","CipherNova","TikTok","2024-01-01","32115","20","15.13","5100","800","210","40000","2","80.2","South Korea","Genshin Impact"
"INF337","NovaBlade","Facebook","2024-02-01","59890","15","17.04","11900","1380","430","57300","3","151.2","Singapore","Retro Gaming"
"INF338","PhantomVortex","Twitter","2024-03-01","1020","23","20.76","160","390","70","3100","1","16.7","Finland","Sniper Elite"
"INF339","SpectreCipher","Other","2024-03-01","800","5","92.16","660","150","25","700","1","15.6","Poland","Magic: The Gathering"
"INF340","VanguardEcho","YouTube","2024-01-01","3112000","28","0.68","39000","2500","900","359000","10","2208.3","Japan","League of Legends"
"INF341","RushSpectre","Instagram","2024-04-01","42021","12","22.05","8300","1200","250","51000","2","97.5","United Kingdom","Genshin Impact"
"INF342","CipherGlitch","Twitch","2024-02-01","1098000","31","1.55","26500","1500","900","194000","7","1109.8","Sweden","Fortnite"
"INF343","NovaEcho","Discord","2024-02-01","2100","13","11.23","0","240","0","2200","1","21.1","Brazil","Magic: The Gathering"
"INF344","SpectreRush","TikTok","2024-03-01","49800","17","7.98","4500","800","140","54000","1","47.2","Germany","Mobile Legends"
"INF400","PixelVortex","Twitch","2024-07-01","2567000","37","1.23","51200","3100","1200","533000","9","1760.5","USA","Counter-Strike"
"INF401","ArcadeShade","Instagram","2024-06-01","54800","19","13.9","8200","650","420","21000","3","120.25","Singapore","PUBG Mobile"
"INF402","ManaSpark","Discord","2024-05-01","0","0","0","0","0","0","0","0","0","Poland","Among Us"
"INF403","StealthMuse","Twitter","2024-07-01","320","6","66.4","80","120","44","380","0","0","Brazil","Magic: The Gathering"
"INF404","BitQuestor","YouTube","2024-03-01","5125000","35","1.05","71000","4200","1500","670000","11","2420","Japan","League of Legends"
"INF405","RetroRunner","TikTok","2024-06-01","45200","24","8.65","6000","530","289","18200","2","75","UK","Pac-Man"
"INF406","FrostByte","Facebook","2024-07-01","93300","16","21.4","15260","1420","710","64000","4","180.75","Germany","Genshin Impact"
"INF407","ShadowVirtue","Discord","2024-07-01","980","8","39.6","0","320","0","900","1","35.5","Russia","Sniper Elite"
"INF408","NovaStreak","Twitch","2024-02-01","1820000","31","0.82","39200","2600","1150","320000","8","1490.5","Australia","Call of Duty"
"INF409","EchoFable","Instagram","2024-04-01","18300","13","22.6","3200","410","180","10500","2","65.2","South Korea","Retro Rampage"
"INF410","BitWizard","YouTube","2024-06-01","7920000","39","0.91","85500","4800","2100","740000","13","3100.9","Sweden","Valorant"
"INF411","PixelSeraph","Twitter","2024-03-01","580","7","54.2","120","98","32","520","1","18.3","Turkey","Celeste"
"INF412","ManaVertex","TikTok","2024-05-01","25200","21","17.3","4100","410","190","9800","3","80.05","Singapore","Brawl Stars"
"INF413","RetroGale","Facebook","2024-02-01","66500","12","15.7","10900","980","410","29000","2","92.5","UK","Super Mario"
"INF414","FableSage","Discord","2024-05-01","0","0","0","0","0","0","0","0","0","Turkey","Terraria"
"INF415","ShadowRune","Instagram","2024-07-01","62800","29","10.9","10060","800","295","32800","4","145.8","South Korea","Genshin Impact"
"INF416","ArcanePulse","Other","2024-06-01","610","4","44.6","210","220","60","540","0","0","Finland","Stealth Ops"
"INF417","BitPaladin","Twitch","2024-04-01","1386000","24","1.38","25500","1700","850","210000","7","1170.2","Japan","Apex Legends"
"INF418","ShadowPulse","Twitter","2024-07-01","1020","15","25.2","320","410","90","1250","1","25.6","Brazil","Indie Quest"
"INF419","ManaKnight","YouTube","2024-06-01","4210000","28","1.44","47100","2700","950","410000","9","1830.6","Australia","League of Legends"
"INF420","EchoSeraph","TikTok","2024-03-01","59700","16","9.7","7400","620","232","18300","3","94.9","Singapore","Brawl Stars"
"INF421","NovaVirtue","Facebook","2024-07-01","78800","22","14.8","13920","1260","540","39000","3","130.2","Germany","PUBG Mobile"
"INF422","FrostMuse","Instagram","2024-05-01","38100","14","19.1","5200","420","170","8200","2","52.6","UK","Retro Rampage"
"INF423","ArcaneMuse","Discord","2024-07-01","0","0","0","0","0","0","0","0","0","India","Among Us"
"INF424","PixelGale","Other","2024-04-01","120","2","80.4","60","90","28","130","0","0","Poland","Indie Quest"
"INF425","ManaVirtue","Twitch","2024-05-01","3050000","36","0.64","38900","2300","1000","410000","8","1310.2","USA","Call of Duty"
"INF426","EchoWizard","TikTok","2024-07-01","32700","23","14.2","4200","340","160","8900","2","64.5","South Korea","Genshin Impact"
"INF427","NovaRune","Facebook","2024-05-01","43100","18","18.3","6200","450","190","11200","2","50.8","Singapore","Brawl Stars"
"INF428","ShadowKnight","Twitter","2024-06-01","1450","12","17.2","210","330","61","980","1","21.2","Turkey","Indie Quest"
"INF429","PixelVirtue","Other","2024-07-01","0","0","0","0","0","0","0","0","0","Brazil","Among Us"
"INF430","ManaShade","Discord","2024-06-01","340","6","36.2","0","170","0","410","0","0","Russia","Stealth Ops"
"INF431","RetroPulse","Instagram","2024-07-01","48200","22","11.7","5800","420","162","21400","2","64.8","Germany","PUBG Mobile"
"INF432","ArcadeVirtue","YouTube","2024-05-01","1870000","32","1.27","28800","1900","880","180000","7","950.5","Sweden","Valorant"
"INF433","EchoMuse","TikTok","2024-07-01","27800","18","21.8","5400","480","210","11200","3","68.7","Singapore","Brawl Stars"
"INF434","BitShade","Facebook","2024-06-01","51200","20","12.9","7400","620","230","21000","3","91.2","UK","Super Mario"
"INF435","NovaMuse","Instagram","2024-05-01","26700","15","16.4","4200","320","140","8900","2","52.4","South Korea","Genshin Impact"
"INF436","ManaRunner","Twitch","2024-07-01","4350000","40","0.92","52100","2900","1150","420000","10","1780.2","USA","League of Legends"
"INF437","ShadowSeraph","YouTube","2024-06-01","6100000","34","1.02","61500","3500","1200","510000","12","2560.8","Australia","Valorant"
"INF438","EchoPulse","Twitter","2024-05-01","960","10","31.6","170","210","83","870","1","15.2","Brazil","Celeste"
"INF439","BitSeraph","Other","2024-07-01","560","3","50.7","180","160","54","590","0","0","Finland","Stealth Ops"
"INF440","ArcadePulse","Discord","2024-05-01","0","0","0","0","0","0","0","0","0","Poland","Terraria"
"INF441","FablePulse","Instagram","2024-06-01","34200","17","13.2","4100","340","120","7900","2","42.3","Germany","Retro Rampage"
"INF442","ArcaneRunner","Facebook","2024-07-01","59400","19","16.2","8200","720","210","15800","2","60.1","UK","Super Mario"
"INF443","NovaSpark","TikTok","2024-05-01","30900","15","22.1","4600","420","192","11000","3","72.6","Singapore","Brawl Stars"
"INF444","ManaMuse","Twitter","2024-03-01","370","5","62.7","70","110","36","330","0","0","India","Indie Quest"
"INF445","PixelRunner","Other","2024-06-01","0","0","0","0","0","0","0","0","0","Turkey","Among Us"
"INF446","FrostSeraph","Discord","2024-06-01","830","11","28.4","0","260","0","970","0","0","Finland","Stealth Ops"
"INF447","ArcaneSeraph","Twitch","2024-07-01","3270000","38","1.1","39500","2600","1100","428000","9","1530.1","USA","Valorant"
"INF448","EchoShade","YouTube","2024-05-01","5060000","29","1.31","66400","3300","1300","590000","10","2140.7","Japan","Apex Legends"
"INF449","FableShade","Instagram","2024-07-01","49700","20","12.5","6500","510","180","17600","2","55.1","South Korea","Genshin Impact"
"INF450","RetroSeraph","Facebook","2024-06-01","72600","15","19.4","12200","1050","380","28800","4","92.4","Germany","Super Mario"
"INF301","ShadowPulse","Twitch","2024-05-01","1835000","28","1.13","48120","2930","1220","543000","7","1700.5","USA","Valorant"
"INF302","PixelValkyrie","Discord","2024-06-01","0","0","0","0","0","0","0","0","0","Brazil","Among Us"
"INF303","GameSorcerer","TikTok","2024-04-01","44900","16","14.32","8200","1100","610","125000","2","156.1","Singapore","PUBG Mobile"
"INF304","SniperLegend","Twitter","2024-03-01","3850","20","28.7","480","950","120","23000","1","32.5","Finland","Sniper Elite"